timestamp_utc,ready,http_code,rss_kib,cpu_percent,load_1m,mem_available_kib
2026-09-19T08:44:31Z,1,200,54316,3.2,0.16,1457496
2026-09-19T08:44:46Z,1,200,54332,3.2,0.12,1457280
2026-09-19T08:45:01Z,1,200,56284,3.2,0.09,1430648
2026-09-19T08:45:16Z,1,200,57656,3.3,0.14,1432420
2026-09-19T08:45:31Z,1,200,58260,3.3,0.18,1455272
2026-09-19T08:45:46Z,1,200,58988,3.3,0.22,1440160
2026-09-19T08:46:01Z,1,200,59396,3.3,0.31,1428084
2026-09-19T08:46:17Z,1,200,59764,3.3,0.24,1426416
2026-09-19T08:46:32Z,1,200,59936,3.3,0.19,1437552
2026-09-19T08:46:47Z,1,200,60480,3.3,0.14,1445880
2026-09-19T08:47:02Z,1,200,65928,3.3,0.11,1436524
2026-09-19T08:47:17Z,1,200,81100,3.4,0.16,1429864
2026-09-19T08:47:32Z,1,200,59656,3.4,0.20,1434464
2026-09-19T08:47:47Z,1,200,62544,3.4,0.45,1430188
2026-09-19T08:48:02Z,1,200,62648,3.4,0.50,1409380
2026-09-19T08:48:17Z,1,200,61512,3.4,0.46,1451284
2026-09-19T08:48:32Z,1,200,62360,3.4,0.70,1422736
2026-09-19T08:48:47Z,1,200,63040,3.5,0.62,1430124
2026-09-19T08:49:02Z,1,200,63992,3.5,0.56,1439704
2026-09-19T08:49:17Z,1,200,64224,3.5,0.43,1424132
2026-09-19T08:49:32Z,1,200,63956,3.5,0.41,1426960
2026-09-19T08:49:48Z,1,200,63976,3.5,0.62,1412636
2026-09-19T08:50:03Z,1,200,66020,3.6,0.56,1432748
2026-09-19T08:50:18Z,1,200,63884,3.6,0.51,1420328
2026-09-19T08:50:33Z,1,200,64844,3.6,0.40,1419088
2026-09-19T08:50:48Z,1,200,85824,3.6,0.31,1423024
2026-09-19T08:51:03Z,1,200,64260,3.6,0.58,1414480
2026-09-19T08:51:18Z,1,200,64612,3.7,0.53,1425352
2026-09-19T08:51:33Z,1,200,65472,3.7,0.57,1438868
2026-09-19T08:51:48Z,1,200,60768,3.7,0.72,1447540
2026-09-19T08:52:03Z,1,200,64416,3.7,0.64,1423452
2026-09-19T08:52:18Z,1,200,82236,3.7,0.57,1424404
2026-09-19T08:52:33Z,1,200,81132,3.8,0.59,1411768
2026-09-19T08:52:48Z,1,200,104656,3.8,0.75,1409800
2026-09-19T08:53:04Z,1,200,65176,3.8,1.03,1444268
2026-09-19T08:53:19Z,1,200,68312,3.8,1.10,1415376
2026-09-19T08:53:34Z,1,200,66492,3.9,1.07,1438708
2026-09-19T08:53:49Z,1,200,66760,3.9,1.05,1434268
2026-09-19T08:54:04Z,1,200,86340,3.9,0.88,1424004
2026-09-19T08:54:19Z,1,200,85944,3.9,0.76,1438404
2026-09-19T08:54:34Z,1,200,68640,4.0,0.67,1410128
2026-09-19T08:54:49Z,1,200,67704,4.0,0.52,1426704
2026-09-19T08:55:04Z,1,200,70204,4.0,0.40,1432376
2026-09-19T08:55:19Z,1,200,68988,4.0,0.31,1439440
2026-09-19T08:55:35Z,1,200,68644,4.0,0.60,1437872
2026-09-19T08:55:50Z,1,200,70272,4.1,0.70,1437148
2026-09-19T08:56:05Z,1,200,71644,4.1,0.54,1435124
2026-09-19T08:56:20Z,1,200,64444,4.1,0.49,1435052
2026-09-19T08:56:35Z,1,200,60336,4.1,0.38,1437844
2026-09-19T08:56:50Z,1,200,64868,4.1,0.30,1438124
2026-09-19T08:57:05Z,1,200,64460,4.1,0.55,1438192
2026-09-19T08:57:20Z,1,200,63244,4.1,0.43,1438192
2026-09-19T08:57:35Z,1,200,66216,4.1,0.47,1440920
2026-09-19T08:57:50Z,1,200,65996,4.2,0.60,1441288
2026-09-19T08:58:05Z,1,200,65284,4.2,0.87,1440996
2026-09-19T08:58:20Z,1,200,64900,4.2,0.68,1443412
2026-09-19T08:58:35Z,1,200,65068,4.2,0.53,1443564
2026-09-19T08:58:50Z,1,200,67528,4.2,0.75,1443536
2026-09-19T08:59:06Z,1,200,67040,4.2,0.74,1443164
2026-09-19T08:59:21Z,1,200,66740,4.2,0.74,1439948
2026-09-19T08:59:36Z,1,200,63176,4.2,1.05,1442512
2026-09-19T08:59:51Z,1,200,66452,4.3,0.82,1441224
2026-09-19T09:00:06Z,1,200,65872,4.3,0.71,1443540
2026-09-19T09:00:21Z,1,200,65720,4.3,1.42,1443440
2026-09-19T09:00:36Z,1,200,64680,4.3,1.31,1442104
2026-09-19T09:00:51Z,1,200,66588,4.3,1.10,1442012
2026-09-19T09:01:06Z,1,200,65004,4.3,1.09,1441312
2026-09-19T09:01:21Z,1,200,65908,4.3,1.00,1441864
2026-09-19T09:01:36Z,1,200,66608,4.3,0.92,1444312
2026-09-19T09:01:51Z,1,200,65368,4.3,0.71,1444188
2026-09-19T09:02:06Z,1,200,68428,4.4,0.64,1440824
2026-09-19T09:02:22Z,1,200,66320,4.4,0.97,1439548
2026-09-19T09:02:37Z,1,200,64636,4.4,1.16,1442972
2026-09-19T09:02:52Z,1,200,65676,4.4,1.30,1444760
2026-09-19T09:03:07Z,1,200,66772,4.4,1.09,1444628
2026-09-19T09:03:22Z,1,200,64392,4.4,1.07,1442632
2026-09-19T09:03:37Z,1,200,68228,4.4,1.16,1439556
2026-09-19T09:03:52Z,1,200,60656,4.4,0.97,1443080
2026-09-19T09:04:07Z,1,200,67036,4.5,0.76,1439920
2026-09-19T09:04:22Z,1,200,65948,4.5,0.90,1434520
2026-09-19T09:04:37Z,1,200,65432,4.5,0.94,1438856
2026-09-19T09:04:52Z,1,200,65048,4.5,1.43,1438840
2026-09-19T09:05:07Z,1,200,67276,4.5,1.27,1438816
2026-09-19T09:05:22Z,1,200,69276,4.5,1.29,1436816
2026-09-19T09:05:37Z,1,200,67064,4.5,1.16,1437468
2026-09-19T09:05:52Z,1,200,63324,4.5,0.90,1437736
2026-09-19T09:06:08Z,1,200,64844,4.5,1.07,1437648
2026-09-19T09:06:23Z,1,200,65760,4.6,1.66,1437904
2026-09-19T09:06:38Z,1,200,65948,4.6,1.53,1438328
2026-09-19T09:06:53Z,1,200,65236,4.6,1.35,1440468
2026-09-19T09:07:08Z,1,200,69488,4.6,1.21,1436744
2026-09-19T09:07:23Z,1,200,66352,4.6,1.37,1435656
2026-09-19T09:07:38Z,1,200,63120,4.6,1.14,1439040
2026-09-19T09:07:53Z,1,200,64768,4.6,1.26,1443376
2026-09-19T09:08:08Z,1,200,64164,4.6,1.22,1442876
2026-09-19T09:08:23Z,1,200,64540,4.6,0.95,1441392
2026-09-19T09:08:38Z,1,200,62304,4.7,0.82,1442780
2026-09-19T09:08:53Z,1,200,68008,4.7,0.72,1441388
2026-09-19T09:09:08Z,1,200,66204,4.7,0.71,1439808
2026-09-19T09:09:23Z,1,200,61164,4.7,0.55,1424036
2026-09-19T09:09:39Z,1,200,65380,4.7,0.78,1424732
2026-09-19T09:09:54Z,1,200,62828,4.7,0.61,1426136
2026-09-19T09:10:09Z,1,200,63304,4.7,0.99,1425244
2026-09-19T09:10:24Z,1,200,64576,4.7,0.77,1425156
2026-09-19T09:10:39Z,1,200,64368,4.7,0.60,1424332
2026-09-19T09:10:54Z,1,200,66016,4.8,0.79,1426600
2026-09-19T09:11:09Z,1,200,68100,4.8,1.15,1418944
2026-09-19T09:11:24Z,1,200,63872,4.8,1.21,1423316
2026-09-19T09:11:39Z,1,200,65408,4.8,1.01,1423660
2026-09-19T09:11:54Z,1,200,63204,4.8,0.79,1420924
2026-09-19T09:12:09Z,1,200,66224,4.8,0.61,1413556
2026-09-19T09:12:24Z,1,200,67700,4.8,0.47,1416352
2026-09-19T09:12:39Z,1,200,69668,4.8,0.37,1410960
2026-09-19T09:12:54Z,1,200,67088,4.8,0.44,1414988
2026-09-19T09:13:09Z,1,200,61868,4.8,0.34,1417000
2026-09-19T09:13:24Z,1,200,63576,4.9,0.58,1419432
2026-09-19T09:13:40Z,1,200,65644,4.9,0.77,1417604
2026-09-19T09:13:55Z,1,200,60816,4.9,1.03,1424464
2026-09-19T09:14:10Z,1,200,66800,4.9,1.04,1422308
2026-09-19T09:14:25Z,1,200,63560,4.9,1.29,1420788
2026-09-19T09:14:40Z,1,200,63028,4.9,1.00,1421916
2026-09-19T09:14:55Z,1,200,67524,4.9,1.71,1421276
2026-09-19T09:15:10Z,1,200,65692,4.9,1.57,1423112
2026-09-19T09:15:25Z,1,200,65448,4.9,1.30,1419916
2026-09-19T09:15:40Z,1,200,64644,4.9,1.01,1422152
2026-09-19T09:15:55Z,1,200,65620,5.0,0.92,1421784
2026-09-19T09:16:10Z,1,200,63112,5.0,0.86,1417876
2026-09-19T09:16:25Z,1,200,68544,5.0,0.75,1415500
2026-09-19T09:16:40Z,1,200,65708,5.0,0.66,1414568
2026-09-19T09:16:55Z,1,200,64892,5.0,1.59,1416584
2026-09-19T09:17:10Z,1,200,63440,5.0,1.62,1413156
2026-09-19T09:17:26Z,1,200,65448,5.0,2.11,1418584
2026-09-19T09:17:41Z,1,200,67396,5.0,2.51,1421624
2026-09-19T09:17:56Z,1,200,70032,5.0,2.46,1420964
2026-09-19T09:18:11Z,1,200,67508,5.1,2.23,1415472
2026-09-19T09:18:26Z,1,200,63408,5.1,2.49,1417600
2026-09-19T09:18:41Z,1,200,67768,5.1,2.17,1416832
2026-09-19T09:18:56Z,1,200,66712,5.1,1.83,1416464
2026-09-19T09:19:11Z,1,200,65988,5.1,1.43,1415304
2026-09-19T09:19:26Z,1,200,63260,5.1,1.11,1417260
2026-09-19T09:19:41Z,1,200,64868,5.1,0.86,1417800
2026-09-19T09:19:56Z,1,200,67784,5.1,0.74,1412436
2026-09-19T09:20:11Z,1,200,69192,5.1,0.90,1410688
2026-09-19T09:20:26Z,1,200,64392,5.1,0.70,1415804
2026-09-19T09:20:41Z,1,200,61216,5.2,0.76,1421712
2026-09-19T09:20:56Z,1,200,63312,5.2,0.59,1422332
2026-09-19T09:21:12Z,1,200,61748,5.2,0.67,1425692
2026-09-19T09:21:27Z,1,200,65976,5.2,0.52,1425436
2026-09-19T09:21:42Z,1,200,62448,5.2,0.48,1425264
2026-09-19T09:21:57Z,1,200,63552,5.2,0.37,1418348
2026-09-19T09:22:12Z,1,200,64348,5.2,0.42,1419820
2026-09-19T09:22:27Z,1,200,59496,5.2,0.76,1425592
2026-09-19T09:22:42Z,1,200,66688,5.2,1.44,1424160
2026-09-19T09:22:57Z,1,200,66504,5.2,1.12,1422000
2026-09-19T09:23:12Z,1,200,64728,5.3,0.94,1424160
2026-09-19T09:23:27Z,1,200,63440,5.3,0.73,1427404
2026-09-19T09:23:42Z,1,200,65100,5.3,0.97,1425272
2026-09-19T09:23:57Z,1,200,62732,5.3,1.05,1423520
2026-09-19T09:24:12Z,1,200,67860,5.3,2.15,1421944
2026-09-19T09:24:27Z,1,200,65312,5.3,1.82,1423048
2026-09-19T09:24:42Z,1,200,64352,5.3,1.71,1423528
2026-09-19T09:24:58Z,1,200,62952,5.3,1.56,1424756
2026-09-19T09:25:13Z,1,200,64460,5.3,1.87,1422756
2026-09-19T09:25:28Z,1,200,66324,5.3,1.60,1422132
2026-09-19T09:25:43Z,1,200,67996,5.4,1.60,1421668
2026-09-19T09:25:58Z,1,200,65120,5.4,1.69,1421652
2026-09-19T09:26:13Z,1,200,62956,5.4,1.86,1422224
2026-09-19T09:26:28Z,1,200,64048,5.4,1.66,1421460
2026-09-19T09:26:43Z,1,200,63716,5.4,1.44,1420244
2026-09-19T09:26:58Z,1,200,64980,5.4,1.19,1421348
2026-09-19T09:27:13Z,1,200,64620,5.4,1.57,1419856
2026-09-19T09:27:28Z,1,200,65124,5.4,1.29,1419508
2026-09-19T09:27:43Z,1,200,63396,5.4,1.16,1420496
2026-09-19T09:27:58Z,1,200,64724,5.4,0.90,1418436
2026-09-19T09:28:13Z,1,200,66268,5.5,0.78,1419392
2026-09-19T09:28:29Z,1,200,65708,5.5,0.68,1418144
2026-09-19T09:28:44Z,1,200,66960,5.5,0.53,1418724
2026-09-19T09:28:59Z,1,200,65876,5.5,0.41,1419812
2026-09-19T09:29:14Z,1,200,64476,5.5,0.54,1420552
2026-09-19T09:29:29Z,1,200,65956,5.5,0.42,1421752
2026-09-19T09:29:44Z,1,200,66220,5.5,0.33,1414500
2026-09-19T09:29:59Z,1,200,65724,5.5,0.33,1416092
2026-09-19T09:30:14Z,1,200,66964,5.5,0.41,1419856
2026-09-19T09:30:29Z,1,200,65628,5.5,0.39,1420116
2026-09-19T09:30:44Z,1,200,64268,5.5,0.55,1416812
2026-09-19T09:30:59Z,1,200,64316,5.6,0.43,1417580
2026-09-19T09:31:14Z,1,200,64804,5.6,0.67,1420368
2026-09-19T09:31:30Z,1,200,67136,5.6,0.82,1418624
2026-09-19T09:31:45Z,1,200,69048,5.6,1.08,1418796
2026-09-19T09:32:00Z,1,200,66016,5.6,0.84,1413512
2026-09-19T09:32:15Z,1,200,66464,5.6,0.87,1414200
2026-09-19T09:32:30Z,1,200,64384,5.6,1.09,1416304
2026-09-19T09:32:45Z,1,200,64488,5.6,0.93,1419404
2026-09-19T09:33:00Z,1,200,63868,5.6,0.80,1423644
2026-09-19T09:33:15Z,1,200,62300,5.6,0.62,1421704
2026-09-19T09:33:30Z,1,200,65624,5.7,0.91,1416340
2026-09-19T09:33:45Z,1,200,69016,5.7,0.93,1413824
2026-09-19T09:34:00Z,1,200,66972,5.7,1.10,1414592
2026-09-19T09:34:15Z,1,200,64532,5.7,1.14,1418280
2026-09-19T09:34:30Z,1,200,65640,5.7,0.89,1414004
2026-09-19T09:34:45Z,1,200,67272,5.7,0.77,1413724
2026-09-19T09:35:00Z,1,200,68520,5.7,0.84,1413228
2026-09-19T09:35:16Z,1,200,67944,5.7,0.94,1415264
2026-09-19T09:35:31Z,1,200,63660,5.7,0.94,1417096
2026-09-19T09:35:46Z,1,200,63712,5.7,1.02,1415768
2026-09-19T09:36:01Z,1,200,65552,5.7,0.95,1417028
2026-09-19T09:36:16Z,1,200,63072,5.7,0.81,1429148
2026-09-19T09:36:31Z,1,200,68416,5.8,0.63,1426836
2026-09-19T09:36:46Z,1,200,67360,5.8,0.49,1424564
2026-09-19T09:37:01Z,1,200,62688,5.8,0.62,1425072
2026-09-19T09:37:16Z,1,200,66604,5.8,0.56,1425152
2026-09-19T09:37:31Z,1,200,66848,5.8,0.68,1428304
2026-09-19T09:37:47Z,1,200,65364,5.8,0.53,1428136
2026-09-19T09:38:02Z,1,200,63324,5.8,0.63,1431620
2026-09-19T09:38:17Z,1,200,63128,5.8,0.96,1428196
2026-09-19T09:38:32Z,1,200,64244,5.8,0.89,1426624
2026-09-19T09:38:47Z,1,200,65836,5.8,0.99,1427548
2026-09-19T09:39:02Z,1,200,66080,5.8,0.84,1424276
2026-09-19T09:39:17Z,1,200,65576,5.9,1.27,1421520
2026-09-19T09:39:32Z,1,200,64400,5.9,1.97,1419816
2026-09-19T09:39:47Z,1,200,67572,5.9,1.69,1420500
2026-09-19T09:40:02Z,1,200,65908,5.9,1.85,1427896
2026-09-19T09:40:17Z,1,200,69808,5.9,1.92,1422720
2026-09-19T09:40:32Z,1,200,63652,5.9,1.49,1425636
2026-09-19T09:40:47Z,1,200,64276,5.9,1.16,1427348
2026-09-19T09:41:02Z,1,200,62796,5.9,0.97,1423460
2026-09-19T09:41:17Z,1,200,65080,5.9,0.89,1422716
2026-09-19T09:41:33Z,1,200,66924,5.9,0.69,1421164
2026-09-19T09:41:48Z,1,200,65600,5.9,0.93,1419328
2026-09-19T09:42:03Z,1,200,62604,5.9,1.32,1416800
2026-09-19T09:42:18Z,1,200,62764,6.0,1.19,1411952
2026-09-19T09:42:33Z,1,200,65100,6.0,1.00,1419968
2026-09-19T09:42:48Z,1,200,63208,6.0,1.02,1428768
2026-09-19T09:43:03Z,1,200,68552,6.0,0.87,1422228
2026-09-19T09:43:18Z,1,200,66468,6.0,0.68,1419044
2026-09-19T09:43:33Z,1,200,66368,6.0,0.82,1411324
2026-09-19T09:43:48Z,1,200,67728,6.0,0.86,1417208
2026-09-19T09:44:03Z,1,200,69036,6.0,0.91,1422396
2026-09-19T09:44:18Z,1,200,65352,6.0,0.78,1427076
2026-09-19T09:44:33Z,1,200,65752,6.0,0.76,1425612
2026-09-19T09:44:48Z,1,200,63652,6.0,0.59,1427516
2026-09-19T09:45:04Z,1,200,64356,6.1,0.93,1427480
2026-09-19T09:45:19Z,1,200,65692,6.1,0.95,1421780
2026-09-19T09:45:34Z,1,200,65308,6.1,0.82,1415228
2026-09-19T09:45:49Z,1,200,65988,6.1,0.70,1415004
2026-09-19T09:46:04Z,1,200,64004,6.1,0.55,1416192
2026-09-19T09:46:19Z,1,200,62260,6.1,0.49,1419664
2026-09-19T09:46:34Z,1,200,67448,6.1,0.60,1420632
2026-09-19T09:46:49Z,1,200,67284,6.1,0.54,1423376
2026-09-19T09:47:04Z,1,200,64980,6.1,0.49,1425068
2026-09-19T09:47:19Z,1,200,64740,6.1,0.54,1419636
2026-09-19T09:47:34Z,1,200,62072,6.1,0.50,1418704
2026-09-19T09:47:49Z,1,200,64348,6.1,0.61,1420248
2026-09-19T09:48:04Z,1,200,62396,6.2,0.55,1424156
2026-09-19T09:48:20Z,1,200,65372,6.2,0.50,1424876
2026-09-19T09:48:35Z,1,200,65144,6.2,0.74,1424164
2026-09-19T09:48:50Z,1,200,68324,6.2,0.57,1415832
2026-09-19T09:49:05Z,1,200,69768,6.2,0.45,1410988
2026-09-19T09:49:20Z,1,200,66388,6.2,0.35,1413060
2026-09-19T09:49:35Z,1,200,64024,6.2,0.42,1415596
2026-09-19T09:49:50Z,1,200,64108,6.2,0.33,1419236
2026-09-19T09:50:05Z,1,200,69184,6.2,0.26,1421112
2026-09-19T09:50:20Z,1,200,68068,6.2,0.20,1419968
2026-09-19T09:50:35Z,1,200,66620,6.2,0.15,1419696
2026-09-19T09:50:50Z,1,200,62400,6.2,0.12,1417148
2026-09-19T09:51:05Z,1,200,64344,6.2,0.68,1417696
2026-09-19T09:51:21Z,1,200,67864,6.3,0.53,1417616
2026-09-19T09:51:36Z,1,200,64784,6.3,1.00,1415432
2026-09-19T09:51:51Z,1,200,67744,6.3,0.77,1415300
2026-09-19T09:52:06Z,1,200,66904,6.3,0.68,1415472
2026-09-19T09:52:21Z,1,200,63980,6.3,0.53,1415664
2026-09-19T09:52:36Z,1,200,64368,6.3,0.48,1416676
2026-09-19T09:52:51Z,1,200,66680,6.3,0.38,1416420
2026-09-19T09:53:06Z,1,200,64352,6.3,0.29,1422804
2026-09-19T09:53:21Z,1,200,61828,6.3,0.31,1421876
2026-09-19T09:53:36Z,1,200,65916,6.3,0.38,1417828
2026-09-19T09:53:52Z,1,200,62888,6.3,0.38,1415932
2026-09-19T09:54:07Z,1,200,65688,6.3,0.66,1416708
2026-09-19T09:54:22Z,1,200,67100,6.4,0.51,1416216
2026-09-19T09:54:37Z,1,200,65400,6.4,0.61,1415952
2026-09-19T09:54:52Z,1,200,66088,6.4,0.47,1420180
2026-09-19T09:55:07Z,1,200,66524,6.4,0.88,1418256
2026-09-19T09:55:22Z,1,200,64004,6.4,1.08,1421212
2026-09-19T09:55:37Z,1,200,64300,6.4,1.27,1421668
2026-09-19T09:55:52Z,1,200,66664,6.4,1.06,1414452
2026-09-19T09:56:07Z,1,200,68296,6.4,0.82,1412436
2026-09-19T09:56:22Z,1,200,68568,6.4,1.12,1412304
2026-09-19T09:56:37Z,1,200,63368,6.4,1.08,1415264
2026-09-19T09:56:53Z,1,200,64796,6.4,0.84,1415408
2026-09-19T09:57:08Z,1,200,65484,6.4,0.65,1416476
2026-09-19T09:57:23Z,1,200,62436,6.4,1.32,1416224
2026-09-19T09:57:38Z,1,200,64628,6.5,1.17,1417308
2026-09-19T09:57:53Z,1,200,64648,6.5,0.91,1420044
2026-09-19T09:58:08Z,1,200,64252,6.5,1.50,1414376
2026-09-19T09:58:23Z,1,200,65124,6.5,1.32,1415044
2026-09-19T09:58:38Z,1,200,67292,6.5,1.51,1410532
2026-09-19T09:58:53Z,1,200,63020,6.5,1.74,1416616
2026-09-19T09:59:08Z,1,200,65292,6.5,1.67,1420628
2026-09-19T09:59:23Z,1,200,68120,6.5,1.45,1419772
2026-09-19T09:59:38Z,1,200,67644,6.5,1.68,1418816
2026-09-19T09:59:53Z,1,200,64868,6.5,1.38,1420080
2026-09-19T10:00:08Z,1,200,65140,6.5,1.07,1418512
2026-09-19T10:00:23Z,1,200,62428,6.5,1.24,1416916
2026-09-19T10:00:39Z,1,200,64256,6.6,1.28,1419096
2026-09-19T10:00:54Z,1,200,65156,6.6,1.00,1418368
2026-09-19T10:01:09Z,1,200,68188,6.6,1.01,1414924
2026-09-19T10:01:24Z,1,200,68884,6.6,0.87,1413940
2026-09-19T10:01:39Z,1,200,61776,6.6,0.74,1420336
2026-09-19T10:01:54Z,1,200,63560,6.6,0.66,1422408
2026-09-19T10:02:09Z,1,200,63888,6.6,0.51,1414388
2026-09-19T10:02:24Z,1,200,64984,6.6,0.53,1415460
2026-09-19T10:02:39Z,1,200,68592,6.6,0.49,1413872
2026-09-19T10:02:54Z,1,200,64676,6.6,0.38,1414344
2026-09-19T10:03:09Z,1,200,65272,6.6,0.52,1414320
2026-09-19T10:03:24Z,1,200,64036,6.6,0.40,1415196
2026-09-19T10:03:39Z,1,200,61412,6.6,0.85,1417560
2026-09-19T10:03:54Z,1,200,63548,6.7,1.27,1419160
2026-09-19T10:04:09Z,1,200,59648,6.7,1.46,1417684
2026-09-19T10:04:25Z,1,200,65020,6.7,1.14,1417008
2026-09-19T10:04:40Z,1,200,68272,6.7,0.95,1416356
2026-09-19T10:04:55Z,1,200,64636,6.7,0.97,1411312
2026-09-19T10:05:10Z,1,200,62840,6.7,1.27,1419792
2026-09-19T10:05:25Z,1,200,62620,6.7,1.21,1418808
2026-09-19T10:05:40Z,1,200,64608,6.7,1.26,1418664
2026-09-19T10:05:55Z,1,200,67756,6.7,1.20,1415472
2026-09-19T10:06:10Z,1,200,67708,6.7,1.69,1412112
2026-09-19T10:06:25Z,1,200,65848,6.7,1.40,1412608
2026-09-19T10:06:40Z,1,200,63124,6.7,1.33,1411924
2026-09-19T10:06:55Z,1,200,66432,6.7,1.19,1411520
2026-09-19T10:07:10Z,1,200,67096,6.8,1.00,1415152
2026-09-19T10:07:25Z,1,200,60936,6.8,0.78,1419500
2026-09-19T10:07:40Z,1,200,63896,6.8,0.68,1417656
2026-09-19T10:07:56Z,1,200,64980,6.8,0.53,1415156
2026-09-19T10:08:11Z,1,200,61784,6.8,0.41,1421228
2026-09-19T10:08:26Z,1,200,66640,6.8,0.48,1414400
2026-09-19T10:08:41Z,1,200,65956,6.8,0.53,1418408
2026-09-19T10:08:56Z,1,200,64984,6.8,0.57,1413700
2026-09-19T10:09:11Z,1,200,60528,6.8,0.44,1414944
2026-09-19T10:09:26Z,1,200,64460,6.8,0.64,1415972
2026-09-19T10:09:41Z,1,200,62608,6.8,0.50,1414324
2026-09-19T10:09:56Z,1,200,65824,6.8,0.66,1414988
2026-09-19T10:10:11Z,1,200,65796,6.8,0.52,1414740
2026-09-19T10:10:26Z,1,200,67788,6.9,0.40,1413760
2026-09-19T10:10:41Z,1,200,60728,6.9,0.31,1415648
2026-09-19T10:10:56Z,1,200,65632,6.9,0.38,1418088
2026-09-19T10:11:11Z,1,200,67604,6.9,0.30,1417340
2026-09-19T10:11:27Z,1,200,62556,6.9,0.23,1418836
2026-09-19T10:11:42Z,1,200,64788,6.9,0.18,1413472
2026-09-19T10:11:57Z,1,200,63800,6.9,0.14,1414616
2026-09-19T10:12:12Z,1,200,65732,6.9,0.11,1414832
2026-09-19T10:12:27Z,1,200,65164,6.9,0.08,1416444
2026-09-19T10:12:42Z,1,200,64280,6.9,0.14,1412400
2026-09-19T10:12:57Z,1,200,67780,6.9,0.64,1413176
2026-09-19T10:13:12Z,1,200,68888,6.9,0.49,1413892
2026-09-19T10:13:27Z,1,200,64508,6.9,0.38,1413624
2026-09-19T10:13:42Z,1,200,62704,6.9,0.30,1415892
2026-09-19T10:13:57Z,1,200,64344,7.0,0.38,1416136
2026-09-19T10:14:12Z,1,200,63856,7.0,0.37,1416596
2026-09-19T10:14:27Z,1,200,65112,7.0,0.29,1414532
2026-09-19T10:14:43Z,1,200,60068,7.0,0.45,1414800
2026-09-19T10:14:58Z,1,200,63852,7.0,0.57,1415992
2026-09-19T10:15:13Z,1,200,66660,7.0,0.45,1411872
2026-09-19T10:15:28Z,1,200,68932,7.0,0.43,1411852
2026-09-19T10:15:43Z,1,200,69464,7.0,0.33,1410444
2026-09-19T10:15:58Z,1,200,67340,7.0,0.26,1412028
2026-09-19T10:16:13Z,1,200,60536,7.0,0.36,1416280
2026-09-19T10:16:28Z,1,200,64016,7.0,0.42,1412180
2026-09-19T10:16:43Z,1,200,65020,7.0,0.48,1412756
2026-09-19T10:16:58Z,1,200,68936,7.0,0.37,1412256
2026-09-19T10:17:13Z,1,200,66176,7.0,0.29,1412072
2026-09-19T10:17:28Z,1,200,62956,7.1,0.30,1417100
2026-09-19T10:17:43Z,1,200,62264,7.1,0.23,1418628
2026-09-19T10:17:58Z,1,200,62984,7.1,0.18,1416736
2026-09-19T10:18:14Z,1,200,65472,7.1,0.14,1413716
2026-09-19T10:18:29Z,1,200,65108,7.1,0.18,1412120
2026-09-19T10:18:44Z,1,200,62484,7.1,0.28,1415028
2026-09-19T10:18:59Z,1,200,66228,7.1,0.36,1413732
2026-09-19T10:19:14Z,1,200,68936,7.1,0.28,1414216
2026-09-19T10:19:29Z,1,200,66048,7.1,0.44,1416856
2026-09-19T10:19:44Z,1,200,67560,7.1,0.54,1416336
2026-09-19T10:19:59Z,1,200,69608,7.1,0.50,1412484
2026-09-19T10:20:14Z,1,200,67860,7.1,0.53,1410208
2026-09-19T10:20:29Z,1,200,60976,7.1,0.77,1418040
2026-09-19T10:20:44Z,1,200,62516,7.1,1.29,1415280
2026-09-19T10:20:59Z,1,200,61880,7.1,1.62,1416564
2026-09-19T10:21:14Z,1,200,59508,7.2,1.95,1418496
2026-09-19T10:21:29Z,1,200,64552,7.2,1.79,1417048
2026-09-19T10:21:44Z,1,200,67320,7.2,1.68,1416200
2026-09-19T10:22:00Z,1,200,61832,7.2,1.51,1420324
2026-09-19T10:22:15Z,1,200,60204,7.2,1.18,1418148
2026-09-19T10:22:30Z,1,200,59840,7.2,1.41,1419484
2026-09-19T10:22:45Z,1,200,62948,7.2,1.68,1419988
2026-09-19T10:23:00Z,1,200,67760,7.2,1.74,1415956
2026-09-19T10:23:15Z,1,200,70396,7.2,1.59,1411156
2026-09-19T10:23:30Z,1,200,65092,7.2,1.24,1411156
2026-09-19T10:23:45Z,1,200,63192,7.2,1.84,1411872
2026-09-19T10:24:00Z,1,200,66172,7.2,1.50,1412192
2026-09-19T10:24:15Z,1,200,62660,7.2,1.39,1416860
2026-09-19T10:24:30Z,1,200,63204,7.2,1.42,1414168
2026-09-19T10:24:45Z,1,200,62032,7.2,1.11,1420996
2026-09-19T10:25:00Z,1,200,63360,7.3,1.13,1417536
2026-09-19T10:25:15Z,1,200,66328,7.3,1.10,1416672
2026-09-19T10:25:30Z,1,200,66084,7.3,0.86,1417800
2026-09-19T10:25:46Z,1,200,62892,7.3,0.67,1417452
2026-09-19T10:26:01Z,1,200,63584,7.3,1.20,1413320
2026-09-19T10:26:16Z,1,200,68496,7.3,1.65,1409216
2026-09-19T10:26:31Z,1,200,63404,7.3,1.91,1414136
2026-09-19T10:26:46Z,1,200,66176,7.3,1.49,1414184
2026-09-19T10:27:01Z,1,200,59928,7.3,1.24,1421752
2026-09-19T10:27:16Z,1,200,62516,7.3,1.42,1416808
2026-09-19T10:27:31Z,1,200,64340,7.3,1.11,1413264
2026-09-19T10:27:46Z,1,200,62788,7.3,1.18,1415304
2026-09-19T10:28:01Z,1,200,65324,7.3,0.99,1415152
2026-09-19T10:28:16Z,1,200,68368,7.3,1.28,1414896
2026-09-19T10:28:31Z,1,200,64848,7.3,1.58,1414620
2026-09-19T10:28:46Z,1,200,64608,7.4,1.53,1414692
2026-09-19T10:29:01Z,1,200,62644,7.4,1.34,1417892
2026-09-19T10:29:17Z,1,200,64544,7.4,1.61,1412092
2026-09-19T10:29:32Z,1,200,64688,7.4,1.25,1414104
2026-09-19T10:29:47Z,1,200,62920,7.4,1.04,1415272
2026-09-19T10:30:02Z,1,200,63512,7.4,0.89,1412820
2026-09-19T10:30:17Z,1,200,67092,7.4,0.83,1411776
2026-09-19T10:30:32Z,1,200,66092,7.4,0.72,1413900
2026-09-19T10:30:47Z,1,200,61052,7.4,0.79,1418756
2026-09-19T10:31:02Z,1,200,60988,7.4,0.62,1419372
2026-09-19T10:31:17Z,1,200,66824,7.4,0.63,1410816
2026-09-19T10:31:32Z,1,200,65472,7.4,0.64,1410696
2026-09-19T10:31:47Z,1,200,64088,7.4,0.63,1410680
2026-09-19T10:32:02Z,1,200,64476,7.4,0.57,1415784
2026-09-19T10:32:17Z,1,200,65844,7.4,0.73,1413284
2026-09-19T10:32:32Z,1,200,62596,7.5,0.57,1413480
2026-09-19T10:32:48Z,1,200,66852,7.5,0.44,1413084
2026-09-19T10:33:03Z,1,200,61720,7.5,0.34,1416168
2026-09-19T10:33:18Z,1,200,66048,7.5,0.27,1414876
2026-09-19T10:33:33Z,1,200,64572,7.5,0.41,1409176
2026-09-19T10:33:48Z,1,200,65956,7.5,0.47,1411652
2026-09-19T10:34:03Z,1,200,62732,7.5,1.11,1414084
2026-09-19T10:34:18Z,1,200,63744,7.5,1.02,1413008
2026-09-19T10:34:33Z,1,200,63724,7.5,0.86,1411300
2026-09-19T10:34:48Z,1,200,66220,7.5,0.82,1409360
2026-09-19T10:35:03Z,1,200,59476,7.5,0.78,1418760
2026-09-19T10:35:18Z,1,200,64960,7.5,0.61,1416220
2026-09-19T10:35:33Z,1,200,68640,7.5,0.55,1412416
2026-09-19T10:35:48Z,1,200,61920,7.5,0.58,1415600
2026-09-19T10:36:03Z,1,200,62880,7.5,0.96,1416180
2026-09-19T10:36:18Z,1,200,64368,7.5,1.05,1413788
2026-09-19T10:36:34Z,1,200,61908,7.6,0.90,1418948
2026-09-19T10:36:49Z,1,200,62960,7.6,0.70,1416736
2026-09-19T10:37:04Z,1,200,63596,7.6,0.54,1412808
2026-09-19T10:37:19Z,1,200,59808,7.6,0.42,1414232
2026-09-19T10:37:34Z,1,200,61940,7.6,0.33,1415104
2026-09-19T10:37:49Z,1,200,61548,7.6,0.32,1419332
2026-09-19T10:38:04Z,1,200,65900,7.6,0.63,1413296
2026-09-19T10:38:19Z,1,200,66300,7.6,0.56,1412772
2026-09-19T10:38:34Z,1,200,64788,7.6,0.52,1414688
2026-09-19T10:38:49Z,1,200,60680,7.6,0.72,1417384
2026-09-19T10:39:04Z,1,200,62036,7.6,0.60,1416248
2026-09-19T10:39:19Z,1,200,64332,7.6,0.46,1417784
2026-09-19T10:39:34Z,1,200,63884,7.6,0.43,1415260
2026-09-19T10:39:49Z,1,200,63728,7.6,0.49,1417560
2026-09-19T10:40:04Z,1,200,64300,7.6,0.38,1415148
2026-09-19T10:40:20Z,1,200,63036,7.6,0.30,1419140
2026-09-19T10:40:35Z,1,200,66500,7.7,0.23,1414624
2026-09-19T10:40:50Z,1,200,63984,7.7,0.39,1416348
2026-09-19T10:41:05Z,1,200,62512,7.7,0.31,1415620
2026-09-19T10:41:20Z,1,200,63044,7.7,0.24,1417076
2026-09-19T10:41:35Z,1,200,64084,7.7,0.18,1419224
2026-09-19T10:41:50Z,1,200,64152,7.7,0.45,1414004
2026-09-19T10:42:05Z,1,200,61680,7.7,0.62,1417308
2026-09-19T10:42:20Z,1,200,61984,7.7,0.70,1412988
2026-09-19T10:42:35Z,1,200,62844,7.7,0.76,1413908
2026-09-19T10:42:50Z,1,200,61648,7.7,0.94,1416012
2026-09-19T10:43:05Z,1,200,65784,7.7,1.17,1416540
2026-09-19T10:43:20Z,1,200,61828,7.7,1.53,1414348
2026-09-19T10:43:35Z,1,200,65884,7.7,1.35,1414844
2026-09-19T10:43:50Z,1,200,65312,7.7,1.19,1413808
2026-09-19T10:44:06Z,1,200,69976,7.7,1.20,1410324
2026-09-19T10:44:21Z,1,200,65704,7.7,1.15,1412532
2026-09-19T10:44:36Z,1,200,67372,27.2,1.05,1425212
2026-09-19T10:44:51Z,1,200,74024,19.7,1.02,1415240
2026-09-19T10:45:06Z,1,200,73152,18.4,0.79,1415748
2026-09-19T10:45:21Z,1,200,73480,18.0,0.62,1419928
2026-09-19T10:45:36Z,1,200,76040,17.4,0.56,1417148
2026-09-19T10:45:51Z,1,200,73228,17.2,0.50,1415476
2026-09-19T10:46:06Z,1,200,74828,16.9,0.63,1415460
2026-09-19T10:46:21Z,1,200,72552,16.8,0.57,1417472
2026-09-19T10:46:36Z,1,200,75648,16.5,0.45,1414444
2026-09-19T10:46:51Z,1,200,69528,16.3,0.42,1416016
2026-09-19T10:47:06Z,1,200,72264,16.0,1.21,1413364
2026-09-19T10:47:21Z,1,200,74416,15.8,1.10,1411652
2026-09-19T10:47:36Z,1,200,77692,15.6,1.29,1408644
2026-09-19T10:47:51Z,1,200,75760,15.6,1.51,1411392
2026-09-19T10:48:07Z,1,200,74880,15.5,1.17,1409264
2026-09-19T10:48:22Z,1,200,75432,15.1,1.14,1408480
2026-09-19T10:48:37Z,1,200,75488,14.7,1.11,1410104
2026-09-19T10:48:52Z,1,200,77200,14.2,0.86,1410288
2026-09-19T10:49:07Z,1,200,77608,13.9,1.70,1409852
2026-09-19T10:49:22Z,1,200,75680,13.9,1.66,1409116
2026-09-19T10:49:37Z,1,200,76440,13.8,1.52,1408872
2026-09-19T10:49:52Z,1,200,77164,14.0,1.18,1411016
2026-09-19T10:50:07Z,1,200,72016,14.2,1.35,1413852
2026-09-19T10:50:22Z,1,200,71140,14.2,1.33,1413676
2026-09-19T10:50:37Z,1,200,72824,14.2,1.44,1413924
2026-09-19T10:50:52Z,1,200,75784,14.2,1.80,1410244
2026-09-19T10:51:07Z,1,200,73416,14.3,1.40,1410292
2026-09-19T10:51:22Z,1,200,74712,14.3,1.24,1409772
2026-09-19T10:51:37Z,1,200,71124,14.3,1.10,1413400
2026-09-19T10:51:53Z,1,200,78060,14.2,1.40,1410268
2026-09-19T10:52:08Z,1,200,78248,14.3,1.09,1407748
2026-09-19T10:52:23Z,1,200,80336,14.3,0.92,1406044
2026-09-19T10:52:38Z,1,200,78744,14.2,0.72,1408880
2026-09-19T10:52:53Z,1,200,75224,14.2,0.56,1412052
2026-09-19T10:53:08Z,1,200,79652,14.3,1.15,1409924
2026-09-19T10:53:23Z,1,200,75900,14.3,1.53,1410276
2026-09-19T10:53:38Z,1,200,72916,14.3,1.41,1409972
2026-09-19T10:53:53Z,1,200,76208,14.3,1.25,1409728
2026-09-19T10:54:08Z,1,200,77480,14.4,1.85,1402072
2026-09-19T10:54:23Z,1,200,72652,14.4,1.44,1404184
2026-09-19T10:54:38Z,1,200,76944,14.3,1.12,1406872
2026-09-19T10:54:53Z,1,200,78472,14.3,1.17,1404372
2026-09-19T10:55:08Z,1,200,78248,14.2,1.20,1405904
2026-09-19T10:55:24Z,1,200,76252,14.2,1.64,1400448
2026-09-19T10:55:39Z,1,200,73596,14.2,2.03,1405500
2026-09-19T10:55:54Z,1,200,75256,14.2,1.85,1405576
2026-09-19T10:56:09Z,1,200,74860,14.2,1.44,1405324
2026-09-19T10:56:24Z,1,200,76096,14.3,1.12,1405360
2026-09-19T10:56:39Z,1,200,75948,14.3,0.87,1407148
2026-09-19T10:56:54Z,1,200,72344,14.3,1.32,1402080
2026-09-19T10:57:10Z,1,200,76624,14.4,1.42,1405944
2026-09-19T10:57:25Z,1,200,76492,14.5,1.56,1402564
2026-09-19T10:57:40Z,1,200,75272,14.5,1.21,1402428
2026-09-19T10:57:55Z,1,200,76404,14.5,1.10,1406028
2026-09-19T10:58:10Z,1,200,75288,14.5,1.46,1405980
2026-09-19T10:58:25Z,1,200,75888,14.6,1.14,1403152
2026-09-19T10:58:40Z,1,200,75240,14.6,0.89,1401972
2026-09-19T10:58:55Z,1,200,73944,14.6,0.69,1402540
2026-09-19T10:59:10Z,1,200,77436,14.6,0.70,1404568
2026-09-19T10:59:26Z,1,200,74732,14.7,0.68,1409752
2026-09-19T10:59:41Z,1,200,74228,14.7,0.61,1410904
2026-09-19T10:59:56Z,1,200,73504,14.7,0.88,1410116
2026-09-19T11:00:11Z,1,200,73956,14.7,1.14,1407032
2026-09-19T11:00:26Z,1,200,75308,14.7,0.96,1404716
2026-09-19T11:00:41Z,1,200,75536,14.7,0.75,1406180
2026-09-19T11:00:56Z,1,200,75684,14.7,0.58,1405140
2026-09-19T11:01:11Z,1,200,76396,14.8,0.68,1402780
2026-09-19T11:01:26Z,1,200,76304,14.8,0.60,1402156
2026-09-19T11:01:41Z,1,200,76932,14.8,0.46,1401868
2026-09-19T11:01:57Z,1,200,74376,14.8,0.58,1407852
2026-09-19T11:02:12Z,1,200,76132,14.8,0.61,1403996
2026-09-19T11:02:27Z,1,200,74388,14.9,0.55,1405840
2026-09-19T11:02:42Z,1,200,76176,14.9,0.51,1404020
2026-09-19T11:02:57Z,1,200,79132,14.9,0.40,1403532
2026-09-19T11:03:12Z,1,200,77888,14.9,0.53,1404304
2026-09-19T11:03:27Z,1,200,76328,15.0,0.41,1405864
2026-09-19T11:03:42Z,1,200,75424,14.9,0.56,1402736
2026-09-19T11:03:58Z,1,200,76548,14.9,0.76,1402972
2026-09-19T11:04:13Z,1,200,76656,15.0,0.67,1401256
2026-09-19T11:04:28Z,1,200,75368,15.0,0.52,1401540
2026-09-19T11:04:43Z,1,200,72532,15.0,0.40,1408320
2026-09-19T11:04:58Z,1,200,73968,15.0,0.39,1407284
2026-09-19T11:05:13Z,1,200,74912,15.0,0.68,1406496
2026-09-19T11:05:28Z,1,200,76044,15.1,0.82,1401820
2026-09-19T11:05:43Z,1,200,75280,15.0,0.64,1403888
2026-09-19T11:05:58Z,1,200,75544,15.1,0.63,1402384
2026-09-19T11:06:13Z,1,200,78624,15.1,0.49,1401620
2026-09-19T11:06:29Z,1,200,74204,15.1,0.38,1404372
2026-09-19T11:06:44Z,1,200,74904,15.1,0.45,1402812
2026-09-19T11:06:59Z,1,200,75336,15.1,0.59,1405500
2026-09-19T11:07:14Z,1,200,76724,15.1,0.67,1405272
2026-09-19T11:07:29Z,1,200,75732,15.2,1.26,1403768
2026-09-19T11:07:44Z,1,200,74852,15.2,0.98,1401600
2026-09-19T11:07:59Z,1,200,73804,15.2,0.90,1409848
2026-09-19T11:08:14Z,1,200,75148,15.2,1.06,1408444
2026-09-19T11:08:29Z,1,200,75380,15.2,1.44,1405464
2026-09-19T11:08:44Z,1,200,76960,15.2,1.26,1405176
2026-09-19T11:08:59Z,1,200,75568,15.2,1.54,1405748
2026-09-19T11:09:14Z,1,200,75412,15.2,1.33,1404336
2026-09-19T11:09:29Z,1,200,72852,15.2,1.75,1404872
2026-09-19T11:09:45Z,1,200,72208,15.2,1.51,1409604
2026-09-19T11:10:00Z,1,200,75976,15.2,1.16,1403024
2026-09-19T11:10:15Z,1,200,76192,15.3,0.90,1401700
2026-09-19T11:10:30Z,1,200,78604,15.3,0.70,1401448
2026-09-19T11:10:45Z,1,200,74308,15.3,0.63,1405476
2026-09-19T11:11:00Z,1,200,72844,15.3,0.55,1402360
2026-09-19T11:11:15Z,1,200,78748,15.3,0.59,1401644
2026-09-19T11:11:30Z,1,200,76320,15.3,0.45,1400876
2026-09-19T11:11:45Z,1,200,71180,15.3,0.43,1409656
2026-09-19T11:12:00Z,1,200,75284,15.3,0.64,1405416
2026-09-19T11:12:15Z,1,200,74624,15.3,1.06,1406116
2026-09-19T11:12:30Z,1,200,74880,15.3,0.90,1402500
2026-09-19T11:12:45Z,1,200,74732,15.3,1.07,1398800
2026-09-19T11:13:01Z,1,200,78188,15.3,0.83,1394376
2026-09-19T11:13:16Z,1,200,73912,15.3,0.95,1406408
2026-09-19T11:13:31Z,1,200,74916,15.3,0.82,1407236
2026-09-19T11:13:46Z,1,200,76064,15.3,0.88,1405508
2026-09-19T11:14:01Z,1,200,78540,15.3,0.68,1402984
2026-09-19T11:14:16Z,1,200,79048,15.3,0.61,1404656
2026-09-19T11:14:31Z,1,200,75364,15.4,0.95,1400828
2026-09-19T11:14:46Z,1,200,72228,15.3,0.96,1404148
2026-09-19T11:15:01Z,1,200,77464,15.4,0.75,1415592
2026-09-19T11:15:16Z,1,200,76184,15.4,0.58,1411160
2026-09-19T11:15:31Z,1,200,75528,15.4,0.45,1411080
2026-09-19T11:15:46Z,1,200,76928,15.4,0.59,1411036
2026-09-19T11:16:01Z,1,200,72924,15.4,0.70,1415300
2026-09-19T11:16:16Z,1,200,72960,15.4,0.99,1418276
2026-09-19T11:16:32Z,1,200,75764,15.4,0.85,1415332
2026-09-19T11:16:47Z,1,200,71496,15.4,1.24,1418828
2026-09-19T11:17:02Z,1,200,75684,15.4,0.96,1416688
2026-09-19T11:17:17Z,1,200,76020,15.4,0.75,1411496
2026-09-19T11:17:32Z,1,200,75500,15.4,0.58,1411264
2026-09-19T11:17:47Z,1,200,78392,15.4,0.76,1410980
2026-09-19T11:18:02Z,1,200,72148,15.4,1.21,1409244
2026-09-19T11:18:17Z,1,200,75620,15.4,1.35,1413432
2026-09-19T11:18:32Z,1,200,74560,15.4,1.27,1406896
2026-09-19T11:18:47Z,1,200,72300,15.4,1.13,1409488
2026-09-19T11:19:02Z,1,200,74484,15.4,0.96,1410108
2026-09-19T11:19:17Z,1,200,75896,15.4,1.07,1406312
2026-09-19T11:19:33Z,1,200,74160,15.5,1.07,1406080
2026-09-19T11:19:48Z,1,200,76120,15.5,1.12,1405892
2026-09-19T11:20:03Z,1,200,75512,15.5,1.11,1408020
2026-09-19T11:20:18Z,1,200,75896,15.5,0.95,1407948
2026-09-19T11:20:33Z,1,200,74784,15.5,1.28,1407708
2026-09-19T11:20:48Z,1,200,75684,15.5,1.21,1404136
2026-09-19T11:21:03Z,1,200,76032,15.5,1.37,1401552
2026-09-19T11:21:18Z,1,200,77984,15.5,1.06,1400328
2026-09-19T11:21:33Z,1,200,76084,15.5,0.90,1404860
2026-09-19T11:21:48Z,1,200,77608,15.5,0.70,1405588
2026-09-19T11:22:03Z,1,200,72104,15.5,0.55,1409800
2026-09-19T11:22:18Z,1,200,76412,15.5,0.65,1411192
2026-09-19T11:22:34Z,1,200,73500,15.5,0.64,1410812
2026-09-19T11:22:49Z,1,200,72924,15.5,0.50,1401168
2026-09-19T11:23:04Z,1,200,74052,15.5,0.39,1405968
2026-09-19T11:23:19Z,1,200,76548,15.5,0.38,1405804
2026-09-19T11:23:34Z,1,200,72244,15.6,0.36,1404628
2026-09-19T11:23:49Z,1,200,76016,15.6,0.35,1404068
2026-09-19T11:24:04Z,1,200,76528,15.6,0.49,1405700
2026-09-19T11:24:19Z,1,200,75892,15.6,0.53,1406216
2026-09-19T11:24:34Z,1,200,78764,15.6,0.48,1408716
2026-09-19T11:24:49Z,1,200,73652,15.6,0.37,1406456
2026-09-19T11:25:04Z,1,200,74408,15.6,0.37,1412900
2026-09-19T11:25:20Z,1,200,74824,15.6,0.29,1410964
2026-09-19T11:25:35Z,1,200,73888,15.6,0.54,1410988
2026-09-19T11:25:50Z,1,200,74748,15.6,0.79,1406420
2026-09-19T11:26:05Z,1,200,77100,15.6,0.93,1406728
2026-09-19T11:26:20Z,1,200,76272,15.6,0.87,1413552
2026-09-19T11:26:35Z,1,200,73748,15.6,0.75,1414464
2026-09-19T11:26:50Z,1,200,77624,15.6,0.66,1416232
2026-09-19T11:27:05Z,1,200,75780,15.6,0.66,1416744
2026-09-19T11:27:20Z,1,200,77636,15.6,0.91,1414532
2026-09-19T11:27:35Z,1,200,76216,15.6,0.85,1413820
2026-09-19T11:27:50Z,1,200,76488,15.6,1.11,1409260
2026-09-19T11:28:06Z,1,200,78192,15.6,0.94,1408368
2026-09-19T11:28:21Z,1,200,75072,15.6,1.03,1412808
2026-09-19T11:28:36Z,1,200,72480,15.7,0.95,1413672
2026-09-19T11:28:51Z,1,200,73624,15.6,0.74,1412976
2026-09-19T11:29:06Z,1,200,72572,15.6,0.64,1410432
2026-09-19T11:29:21Z,1,200,74908,15.7,0.58,1413440
2026-09-19T11:29:36Z,1,200,76628,15.7,0.45,1414284
2026-09-19T11:29:51Z,1,200,73548,15.7,0.43,1414408
2026-09-19T11:30:06Z,1,200,75548,15.7,0.48,1414336
2026-09-19T11:30:21Z,1,200,77368,15.7,0.44,1409588
2026-09-19T11:30:36Z,1,200,79140,15.7,0.35,1404528
2026-09-19T11:30:52Z,1,200,79564,15.7,0.41,1400724
2026-09-19T11:31:07Z,1,200,73156,15.7,0.40,1403552
2026-09-19T11:31:22Z,1,200,76516,15.7,0.38,1410244
2026-09-19T11:31:37Z,1,200,76080,15.7,0.30,1403276
2026-09-19T11:31:52Z,1,200,77084,15.7,0.23,1401664
2026-09-19T11:32:07Z,1,200,76816,15.7,0.62,1399884
2026-09-19T11:32:22Z,1,200,72764,15.7,0.56,1405136
2026-09-19T11:32:37Z,1,200,72936,15.7,0.43,1407316
2026-09-19T11:32:52Z,1,200,76452,15.7,0.42,1401620
2026-09-19T11:33:07Z,1,200,75952,15.7,0.32,1409104
2026-09-19T11:33:22Z,1,200,76696,15.7,0.25,1410168
2026-09-19T11:33:38Z,1,200,76548,15.7,0.49,1411436
2026-09-19T11:33:53Z,1,200,72396,15.7,0.45,1410648
2026-09-19T11:34:08Z,1,200,71612,15.7,0.71,1413636
2026-09-19T11:34:23Z,1,200,75408,15.7,1.09,1407640
2026-09-19T11:34:38Z,1,200,74536,15.7,0.85,1402920
2026-09-19T11:34:53Z,1,200,73844,15.7,0.73,1405336
2026-09-19T11:35:08Z,1,200,73400,15.7,0.64,1406920
2026-09-19T11:35:23Z,1,200,72840,15.7,0.57,1406368
2026-09-19T11:35:38Z,1,200,74060,15.8,0.44,1404376
2026-09-19T11:35:53Z,1,200,76916,15.8,0.83,1404112
2026-09-19T11:36:08Z,1,200,78704,15.8,0.79,1400088
2026-09-19T11:36:23Z,1,200,76256,15.8,0.84,1400320
2026-09-19T11:36:39Z,1,200,75328,15.8,0.66,1406036
2026-09-19T11:36:54Z,1,200,73208,15.8,0.59,1409148
2026-09-19T11:37:09Z,1,200,74080,15.8,0.53,1409624
2026-09-19T11:37:24Z,1,200,73268,15.8,0.82,1407764
2026-09-19T11:37:39Z,1,200,74020,15.8,0.96,1406832
2026-09-19T11:37:54Z,1,200,73624,15.8,0.90,1407380
2026-09-19T11:38:09Z,1,200,74648,15.8,0.83,1406940
2026-09-19T11:38:24Z,1,200,76012,15.8,0.65,1404424
2026-09-19T11:38:39Z,1,200,75828,15.8,0.73,1402672
2026-09-19T11:38:54Z,1,200,73216,15.8,0.64,1403684
2026-09-19T11:39:09Z,1,200,75816,15.8,0.50,1403272
2026-09-19T11:39:24Z,1,200,76200,15.8,1.01,1404504
2026-09-19T11:39:40Z,1,200,76092,15.8,1.37,1404580
2026-09-19T11:39:55Z,1,200,71936,15.8,1.36,1405732
2026-09-19T11:40:10Z,1,200,76812,15.8,1.06,1405576
2026-09-19T11:40:25Z,1,200,76864,15.8,1.38,1404124
2026-09-19T11:40:40Z,1,200,74552,15.8,1.15,1405688
2026-09-19T11:40:55Z,1,200,72316,15.8,1.14,1407532
2026-09-19T11:41:10Z,1,200,76296,15.8,1.11,1405752
2026-09-19T11:41:25Z,1,200,78020,15.8,1.09,1402204
2026-09-19T11:41:40Z,1,200,79888,15.8,1.07,1402152
2026-09-19T11:41:55Z,1,200,78168,15.8,1.05,1403776
2026-09-19T11:42:10Z,1,200,76292,15.8,1.12,1403852
2026-09-19T11:42:25Z,1,200,74476,15.8,1.24,1402224
2026-09-19T11:42:40Z,1,200,76704,15.8,0.96,1403628
2026-09-19T11:42:56Z,1,200,79304,15.8,0.97,1402368
2026-09-19T11:43:11Z,1,200,71452,15.8,1.34,1409140
2026-09-19T11:43:26Z,1,200,73704,15.8,1.27,1407396
2026-09-19T11:43:41Z,1,200,74492,15.8,1.29,1403328
2026-09-19T11:43:56Z,1,200,74120,15.8,1.00,1403612
2026-09-19T11:44:11Z,1,200,74864,15.8,1.47,1400968
2026-09-19T11:44:26Z,1,200,76224,15.8,1.76,1399080
2026-09-19T11:44:41Z,1,200,78828,15.8,1.69,1398608
2026-09-19T11:44:56Z,1,200,76604,15.8,1.56,1397532
2026-09-19T11:45:11Z,1,200,74524,15.8,1.43,1400700
2026-09-19T11:45:26Z,1,200,77656,15.8,1.42,1403772
2026-09-19T11:45:41Z,1,200,76692,15.8,1.24,1403564
2026-09-19T11:45:57Z,1,200,74308,15.8,1.04,1405924
2026-09-19T11:46:12Z,1,200,73532,15.8,1.08,1405788
2026-09-19T11:46:27Z,1,200,73852,15.8,1.11,1402068
2026-09-19T11:46:42Z,1,200,78220,15.8,1.08,1402884
2026-09-19T11:46:57Z,1,200,75324,15.8,0.84,1398788
2026-09-19T11:47:12Z,1,200,75248,15.8,0.73,1400216
2026-09-19T11:47:27Z,1,200,71492,15.8,0.65,1405980
2026-09-19T11:47:42Z,1,200,72240,15.8,0.73,1405728
2026-09-19T11:47:57Z,1,200,74396,15.8,0.64,1399788
2026-09-19T11:48:12Z,1,200,72004,15.8,0.71,1403040
2026-09-19T11:48:27Z,1,200,76684,15.8,0.55,1402224
2026-09-19T11:48:42Z,1,200,77428,15.8,0.43,1403632
2026-09-19T11:48:58Z,1,200,74324,15.8,0.33,1403604
2026-09-19T11:49:13Z,1,200,73428,15.8,0.26,1406980
2026-09-19T11:49:28Z,1,200,72516,15.9,0.69,1403940
2026-09-19T11:49:43Z,1,200,73532,15.9,0.61,1400052
2026-09-19T11:49:58Z,1,200,75996,15.9,0.68,1400076
2026-09-19T11:50:13Z,1,200,75060,15.9,0.66,1400852
2026-09-19T11:50:28Z,1,200,73548,15.9,0.72,1403096
2026-09-19T11:50:43Z,1,200,73372,15.9,0.56,1401644
2026-09-19T11:50:58Z,1,200,73900,15.9,0.44,1404784
2026-09-19T11:51:13Z,1,200,77656,15.9,0.34,1401976
2026-09-19T11:51:28Z,1,200,78804,15.9,0.56,1397644
2026-09-19T11:51:43Z,1,200,74712,15.9,0.64,1402852
2026-09-19T11:51:59Z,1,200,73424,15.9,0.57,1401636
2026-09-19T11:52:14Z,1,200,75088,15.9,0.66,1399948
2026-09-19T11:52:29Z,1,200,73796,15.9,0.58,1399272
2026-09-19T11:52:44Z,1,200,72400,15.9,0.45,1402508
2026-09-19T11:52:59Z,1,200,74968,15.9,0.51,1399992
2026-09-19T11:53:14Z,1,200,77336,15.9,0.62,1399252
2026-09-19T11:53:29Z,1,200,79632,15.9,0.78,1397736
2026-09-19T11:53:44Z,1,200,74132,15.9,0.82,1402932
2026-09-19T11:53:59Z,1,200,74128,15.9,0.71,1404320
2026-09-19T11:54:14Z,1,200,74156,15.9,0.62,1401308
2026-09-19T11:54:29Z,1,200,72684,15.9,0.70,1405792
2026-09-19T11:54:44Z,1,200,72904,15.9,0.54,1405336
2026-09-19T11:54:59Z,1,200,77944,15.9,0.66,1400000
2026-09-19T11:55:14Z,1,200,72920,15.9,0.59,1403028
2026-09-19T11:55:29Z,1,200,73700,15.9,0.69,1405252
2026-09-19T11:55:45Z,1,200,72088,15.9,0.53,1410936
2026-09-19T11:56:00Z,1,200,75152,15.9,0.41,1407000
2026-09-19T11:56:15Z,1,200,69748,15.9,0.32,1407556
2026-09-19T11:56:30Z,1,200,73960,15.9,0.32,1404064
2026-09-19T11:56:45Z,1,200,74892,15.9,0.39,1398696
2026-09-19T11:57:00Z,1,200,74228,15.9,0.52,1400744
2026-09-19T11:57:15Z,1,200,74292,15.9,0.94,1401472
2026-09-19T11:57:30Z,1,200,74572,15.9,1.19,1398648
2026-09-19T11:57:45Z,1,200,73812,15.9,1.42,1402816
2026-09-19T11:58:00Z,1,200,72456,15.9,1.11,1401904
2026-09-19T11:58:15Z,1,200,75180,15.9,0.86,1402396
2026-09-19T11:58:30Z,1,200,77996,15.9,0.75,1399280
2026-09-19T11:58:46Z,1,200,76500,16.0,0.65,1400128
2026-09-19T11:59:01Z,1,200,71512,15.9,0.58,1405244
2026-09-19T11:59:16Z,1,200,71684,15.9,0.59,1406024
2026-09-19T11:59:31Z,1,200,74740,16.0,0.81,1402620
2026-09-19T11:59:46Z,1,200,73728,16.0,0.93,1402128
2026-09-19T12:00:01Z,1,200,72664,16.0,1.09,1402420
2026-09-19T12:00:16Z,1,200,72636,16.0,0.85,1405000
2026-09-19T12:00:31Z,1,200,73028,16.0,0.66,1402132
2026-09-19T12:00:46Z,1,200,77084,16.0,0.51,1400928
2026-09-19T12:01:01Z,1,200,78744,16.0,0.63,1399940
2026-09-19T12:01:16Z,1,200,79176,16.0,0.56,1399992
2026-09-19T12:01:31Z,1,200,72616,16.0,0.51,1405416
2026-09-19T12:01:46Z,1,200,75376,16.0,0.48,1404068
2026-09-19T12:02:01Z,1,200,76044,16.0,0.37,1402420
2026-09-19T12:02:17Z,1,200,76328,16.0,0.36,1403804
2026-09-19T12:02:32Z,1,200,73900,16.0,0.36,1403436
2026-09-19T12:02:47Z,1,200,74204,16.0,0.42,1401876
2026-09-19T12:03:02Z,1,200,73972,16.0,0.75,1403464
2026-09-19T12:03:17Z,1,200,72252,16.0,0.73,1404036
2026-09-19T12:03:32Z,1,200,70980,16.0,0.73,1404136
2026-09-19T12:03:47Z,1,200,71924,16.0,0.57,1404768
2026-09-19T12:04:02Z,1,200,73088,16.0,0.60,1403324
2026-09-19T12:04:17Z,1,200,73052,16.0,0.83,1408064
2026-09-19T12:04:32Z,1,200,71880,16.0,1.12,1402804
2026-09-19T12:04:47Z,1,200,74032,16.0,0.87,1404516
2026-09-19T12:05:02Z,1,200,75656,16.0,1.05,1395704
2026-09-19T12:05:17Z,1,200,78404,16.0,0.81,1398936
2026-09-19T12:05:33Z,1,200,79084,16.0,0.63,1400104
2026-09-19T12:05:48Z,1,200,72844,16.0,0.87,1402412
2026-09-19T12:06:03Z,1,200,69804,16.0,0.83,1402944
2026-09-19T12:06:18Z,1,200,73644,16.0,0.72,1401988
2026-09-19T12:06:33Z,1,200,73220,16.0,0.69,1404944
2026-09-19T12:06:48Z,1,200,75508,16.0,0.88,1401508
2026-09-19T12:07:03Z,1,200,75940,16.0,1.57,1401820
2026-09-19T12:07:18Z,1,200,75196,16.0,1.22,1400452
2026-09-19T12:07:33Z,1,200,75396,16.0,0.95,1402336
2026-09-19T12:07:48Z,1,200,77892,16.0,0.81,1400748
2026-09-19T12:08:03Z,1,200,71900,16.0,0.63,1405632
2026-09-19T12:08:18Z,1,200,73424,16.0,0.57,1404856
2026-09-19T12:08:33Z,1,200,75680,16.0,0.44,1399552
2026-09-19T12:08:48Z,1,200,74004,16.0,1.05,1401076
2026-09-19T12:09:04Z,1,200,71392,16.0,0.96,1405904
2026-09-19T12:09:19Z,1,200,75668,16.0,0.74,1399956
2026-09-19T12:09:34Z,1,200,74576,16.0,0.65,1405568
2026-09-19T12:09:49Z,1,200,76104,16.0,1.14,1402156
2026-09-19T12:10:04Z,1,200,77756,16.0,1.20,1398648
2026-09-19T12:10:19Z,1,200,74536,16.0,1.47,1399992
2026-09-19T12:10:34Z,1,200,72332,16.0,1.50,1401056
2026-09-19T12:10:49Z,1,200,77052,16.0,1.47,1404816
2026-09-19T12:11:04Z,1,200,75396,16.0,1.36,1405196
2026-09-19T12:11:19Z,1,200,73240,16.0,1.05,1404584
2026-09-19T12:11:34Z,1,200,77168,16.0,1.36,1400764
2026-09-19T12:11:49Z,1,200,75504,16.0,1.12,1401580
2026-09-19T12:12:05Z,1,200,74764,16.0,1.04,1400464
2026-09-19T12:12:20Z,1,200,70888,16.0,0.81,1403068
2026-09-19T12:12:35Z,1,200,74864,16.0,0.63,1401588
2026-09-19T12:12:50Z,1,200,77808,16.0,0.64,1399064
2026-09-19T12:13:05Z,1,200,79008,16.0,0.57,1398236
2026-09-19T12:13:20Z,1,200,75268,16.0,0.60,1400148
2026-09-19T12:13:35Z,1,200,75384,16.0,0.83,1401256
2026-09-19T12:13:50Z,1,200,73396,16.0,0.72,1402376
2026-09-19T12:14:05Z,1,200,76192,16.0,0.56,1401084
2026-09-19T12:14:20Z,1,200,76756,16.0,0.43,1399904
2026-09-19T12:14:35Z,1,200,76324,16.0,0.34,1402280
2026-09-19T12:14:50Z,1,200,76476,16.0,1.12,1402192
2026-09-19T12:15:05Z,1,200,77512,16.0,1.33,1401640
2026-09-19T12:15:20Z,1,200,75604,16.0,1.03,1398800
2026-09-19T12:15:35Z,1,200,72816,16.0,1.07,1401052
2026-09-19T12:15:51Z,1,200,71708,16.0,0.84,1403860
2026-09-19T12:16:06Z,1,200,75304,16.0,0.87,1404656
2026-09-19T12:16:21Z,1,200,76464,16.0,0.83,1402028
2026-09-19T12:16:36Z,1,200,76152,16.0,1.12,1400552
2026-09-19T12:16:51Z,1,200,76448,16.0,1.00,1402380
2026-09-19T12:17:06Z,1,200,73316,16.0,0.78,1403264
2026-09-19T12:17:21Z,1,200,73512,16.0,0.61,1403120
2026-09-19T12:17:36Z,1,200,72872,16.0,0.47,1403364
2026-09-19T12:17:51Z,1,200,74992,16.0,0.45,1402008
2026-09-19T12:18:06Z,1,200,75384,16.0,0.35,1401716
2026-09-19T12:18:21Z,1,200,75156,16.0,0.41,1403748
2026-09-19T12:18:36Z,1,200,77696,16.0,0.76,1403332
2026-09-19T12:18:52Z,1,200,74956,16.0,0.81,1401100
2026-09-19T12:19:07Z,1,200,74092,16.0,0.63,1406808
2026-09-19T12:19:22Z,1,200,75220,16.0,0.57,1406296
2026-09-19T12:19:37Z,1,200,75584,16.0,0.66,1399824
2026-09-19T12:19:52Z,1,200,78556,16.0,0.88,1398572
2026-09-19T12:20:07Z,1,200,72572,16.0,0.91,1400840
2026-09-19T12:20:22Z,1,200,73184,16.0,1.35,1407672
2026-09-19T12:20:37Z,1,200,74668,16.0,1.20,1406328
2026-09-19T12:20:52Z,1,200,72572,16.0,1.01,1404276
2026-09-19T12:21:07Z,1,200,73032,16.0,0.78,1406528
2026-09-19T12:21:22Z,1,200,73420,16.0,1.03,1404568
2026-09-19T12:21:37Z,1,200,72608,16.0,0.80,1405656
2026-09-19T12:21:53Z,1,200,74428,16.0,0.63,1402588
2026-09-19T12:22:08Z,1,200,71540,16.0,0.71,1403504
2026-09-19T12:22:23Z,1,200,75096,16.0,0.70,1402248
2026-09-19T12:22:38Z,1,200,73648,16.0,0.69,1405092
2026-09-19T12:22:53Z,1,200,74456,16.0,0.53,1402152
2026-09-19T12:23:08Z,1,200,76452,16.0,0.49,1401440
2026-09-19T12:23:23Z,1,200,75636,16.0,0.38,1402320
2026-09-19T12:23:38Z,1,200,75668,16.0,0.29,1403344
2026-09-19T12:23:53Z,1,200,75012,16.0,0.30,1404172
2026-09-19T12:24:08Z,1,200,71552,16.0,0.24,1404460
2026-09-19T12:24:23Z,1,200,72328,16.0,0.34,1407344
2026-09-19T12:24:39Z,1,200,74560,16.0,0.33,1403096
2026-09-19T12:24:54Z,1,200,75428,16.0,0.26,1403008
2026-09-19T12:25:09Z,1,200,76104,16.0,0.33,1404052
2026-09-19T12:25:24Z,1,200,78272,16.0,0.26,1401500
2026-09-19T12:25:39Z,1,200,77084,16.0,0.41,1402100
2026-09-19T12:25:54Z,1,200,77008,16.0,0.88,1402660
2026-09-19T12:26:09Z,1,200,74992,16.0,0.68,1403268
2026-09-19T12:26:24Z,1,200,76340,16.0,0.68,1402836
2026-09-19T12:26:39Z,1,200,77488,16.0,0.60,1403032
2026-09-19T12:26:54Z,1,200,78736,16.0,0.47,1402988
2026-09-19T12:27:10Z,1,200,76040,16.0,0.36,1401840
2026-09-19T12:27:25Z,1,200,77712,16.0,0.36,1401624
2026-09-19T12:27:40Z,1,200,76056,16.0,0.82,1401936
2026-09-19T12:27:55Z,1,200,75996,16.0,0.64,1404096
2026-09-19T12:28:10Z,1,200,70912,16.0,0.79,1407900
2026-09-19T12:28:25Z,1,200,72444,16.0,0.84,1405164
2026-09-19T12:28:40Z,1,200,74684,16.0,0.65,1402712
2026-09-19T12:28:55Z,1,200,73568,16.0,0.58,1403068
2026-09-19T12:29:10Z,1,200,74708,16.0,0.45,1403316
2026-09-19T12:29:25Z,1,200,72592,15.9,0.35,1408676
2026-09-19T12:29:40Z,1,200,77732,15.9,0.35,1403304
2026-09-19T12:29:55Z,1,200,71568,15.9,0.27,1410196
2026-09-19T12:30:10Z,1,200,71808,15.9,0.51,1409060
2026-09-19T12:30:25Z,1,200,77124,15.9,1.10,1405372
2026-09-19T12:30:40Z,1,200,78460,15.9,0.85,1402744
2026-09-19T12:30:56Z,1,200,76996,15.9,1.01,1404656
2026-09-19T12:31:11Z,1,200,76260,15.9,0.86,1403872
2026-09-19T12:31:26Z,1,200,77628,15.9,0.95,1403440
2026-09-19T12:31:41Z,1,200,75252,15.9,0.81,1402876
2026-09-19T12:31:56Z,1,200,75176,15.9,0.63,1404816
2026-09-19T12:32:11Z,1,200,74752,15.9,0.71,1403384
2026-09-19T12:32:26Z,1,200,74780,15.9,0.62,1403232
2026-09-19T12:32:41Z,1,200,73848,15.9,0.72,1405140
2026-09-19T12:32:56Z,1,200,74716,15.9,0.70,1405324
2026-09-19T12:33:11Z,1,200,74120,15.9,0.83,1404936
2026-09-19T12:33:26Z,1,200,71448,15.9,0.72,1404752
2026-09-19T12:33:41Z,1,200,74732,15.9,0.70,1404672
2026-09-19T12:33:56Z,1,200,76396,15.9,0.55,1404932
2026-09-19T12:34:11Z,1,200,74828,16.0,0.92,1403288
2026-09-19T12:34:27Z,1,200,75632,15.9,0.78,1406432
2026-09-19T12:34:42Z,1,200,76400,16.0,0.81,1403164
2026-09-19T12:34:57Z,1,200,73312,16.0,0.97,1406040
2026-09-19T12:35:12Z,1,200,71028,16.0,0.76,1405580
2026-09-19T12:35:27Z,1,200,74352,15.9,0.59,1405648
2026-09-19T12:35:42Z,1,200,72788,16.0,0.46,1409232
2026-09-19T12:35:57Z,1,200,74896,16.0,0.44,1406172
2026-09-19T12:36:12Z,1,200,77236,16.0,0.56,1403924
2026-09-19T12:36:27Z,1,200,78876,16.0,0.43,1404124
2026-09-19T12:36:42Z,1,200,76696,16.0,0.68,1402964
2026-09-19T12:36:57Z,1,200,76016,16.0,0.53,1403072
2026-09-19T12:37:12Z,1,200,76092,16.0,0.41,1404232
2026-09-19T12:37:27Z,1,200,74080,15.9,0.32,1404704
2026-09-19T12:37:42Z,1,200,72488,15.9,0.89,1405272
2026-09-19T12:37:58Z,1,200,72636,15.9,0.85,1402864
2026-09-19T12:38:13Z,1,200,74112,15.9,0.74,1404220
2026-09-19T12:38:28Z,1,200,75772,15.9,0.65,1402760
2026-09-19T12:38:43Z,1,200,76296,15.9,0.80,1400736
2026-09-19T12:38:58Z,1,200,73836,15.9,0.71,1400700
2026-09-19T12:39:13Z,1,200,72844,15.9,0.55,1402248
2026-09-19T12:39:28Z,1,200,71644,15.9,0.59,1404180
2026-09-19T12:39:43Z,1,200,74892,15.9,0.68,1398400
2026-09-19T12:39:58Z,1,200,78732,15.9,0.82,1399016
2026-09-19T12:40:13Z,1,200,73692,15.9,0.77,1400008
2026-09-19T12:40:28Z,1,200,77520,15.9,0.60,1397152
2026-09-19T12:40:43Z,1,200,73512,15.9,0.47,1402324
2026-09-19T12:40:58Z,1,200,78396,15.9,0.51,1396844
2026-09-19T12:41:13Z,1,200,73220,15.9,0.40,1403128
2026-09-19T12:41:29Z,1,200,75748,15.9,0.31,1400416
2026-09-19T12:41:44Z,1,200,77032,15.9,0.46,1397176
2026-09-19T12:41:59Z,1,200,75696,15.9,0.56,1398764
2026-09-19T12:42:14Z,1,200,74512,15.9,0.67,1401644
2026-09-19T12:42:29Z,1,200,73948,15.9,0.52,1401504
2026-09-19T12:42:44Z,1,200,74192,15.9,0.40,1400020
2026-09-19T12:42:59Z,1,200,75816,15.9,0.31,1400032
2026-09-19T12:43:14Z,1,200,75524,15.9,0.24,1400768
2026-09-19T12:43:29Z,1,200,77232,15.9,0.19,1398780
2026-09-19T12:43:44Z,1,200,77984,15.9,0.30,1399744
2026-09-19T12:43:59Z,1,200,77384,15.9,0.46,1399712
2026-09-19T12:44:15Z,1,200,75044,15.9,0.35,1403124
2026-09-19T12:44:30Z,1,200,73856,15.9,0.27,1403548
2026-09-19T12:44:45Z,1,200,75800,15.9,0.21,1401512
2026-09-19T12:45:00Z,1,200,77356,15.9,0.50,1395532
2026-09-19T12:45:15Z,1,200,76676,15.9,0.39,1401244
2026-09-19T12:45:30Z,1,200,76148,15.9,0.38,1400656
2026-09-19T12:45:45Z,1,200,76628,15.9,0.45,1400924
2026-09-19T12:46:00Z,1,200,71684,15.9,0.50,1407384
2026-09-19T12:46:15Z,1,200,72216,15.9,0.61,1406276
2026-09-19T12:46:30Z,1,200,74172,15.9,0.70,1403732
2026-09-19T12:46:45Z,1,200,74564,15.9,0.55,1403104
2026-09-19T12:47:00Z,1,200,76588,15.9,0.42,1404348
2026-09-19T12:47:15Z,1,200,74720,15.9,0.33,1400116
2026-09-19T12:47:31Z,1,200,76428,15.9,0.26,1401676
2026-09-19T12:47:46Z,1,200,77260,15.9,0.42,1399320
2026-09-19T12:48:01Z,1,200,77352,15.9,0.40,1394264
2026-09-19T12:48:16Z,1,200,75804,15.9,0.39,1393068
2026-09-19T12:48:31Z,1,200,73140,15.9,0.55,1398992
2026-09-19T12:48:46Z,1,200,75240,15.9,0.72,1401356
2026-09-19T12:49:01Z,1,200,75148,15.9,0.64,1402480
2026-09-19T12:49:16Z,1,200,74812,15.9,0.50,1402392
2026-09-19T12:49:31Z,1,200,75364,15.9,0.54,1392556
2026-09-19T12:49:46Z,1,200,77776,15.9,0.49,1395424
2026-09-19T12:50:01Z,1,200,75360,15.8,0.94,1396624
2026-09-19T12:50:16Z,1,200,74256,15.8,0.73,1402452
2026-09-19T12:50:31Z,1,200,73420,15.8,0.57,1400748
2026-09-19T12:50:46Z,1,200,74700,15.8,0.52,1404084
2026-09-19T12:51:01Z,1,200,73816,15.8,0.79,1398784
2026-09-19T12:51:17Z,1,200,73792,15.8,0.61,1398628
2026-09-19T12:51:32Z,1,200,73320,15.8,0.62,1398540
2026-09-19T12:51:47Z,1,200,74104,15.7,0.48,1398008
2026-09-19T12:52:02Z,1,200,72420,15.7,0.45,1396512
2026-09-19T12:52:17Z,1,200,73944,15.7,0.35,1395316
2026-09-19T12:52:32Z,1,200,74228,15.7,0.27,1395664
2026-09-19T12:52:47Z,1,200,72300,15.7,0.21,1397092
2026-09-19T12:53:02Z,1,200,73276,15.7,0.33,1396576
2026-09-19T12:53:17Z,1,200,73800,15.6,0.41,1395396
2026-09-19T12:53:32Z,1,200,72220,15.6,0.54,1401380
2026-09-19T12:53:47Z,1,200,74832,15.6,0.50,1403456
2026-09-19T12:54:02Z,1,200,72348,15.6,0.55,1410068
2026-09-19T12:54:17Z,1,200,72188,15.5,0.58,1406436
2026-09-19T12:54:32Z,1,200,73252,15.5,0.45,1405908
2026-09-19T12:54:48Z,1,200,72384,15.5,0.35,1404588
2026-09-19T12:55:03Z,1,200,72664,15.5,0.67,1402020
2026-09-19T12:55:18Z,1,200,72652,15.4,0.68,1402580
2026-09-19T12:55:33Z,1,200,71960,15.4,0.60,1405964
2026-09-19T12:55:48Z,1,200,71960,15.4,0.46,1406740
2026-09-19T12:56:03Z,1,200,71960,15.4,0.43,1401384
2026-09-19T12:56:18Z,1,200,71960,15.3,0.34,1400020
2026-09-19T12:56:33Z,1,200,71960,15.3,0.26,1403644
2026-09-19T12:56:48Z,1,200,71960,15.3,0.20,1403480
2026-09-19T12:57:03Z,1,200,71960,15.2,0.16,1405892
2026-09-19T12:57:18Z,1,200,71960,15.2,0.34,1402868
2026-09-19T12:57:33Z,1,200,71960,15.2,0.27,1405924
2026-09-19T12:57:48Z,1,200,71960,15.1,0.21,1403920
2026-09-19T12:58:03Z,1,200,71960,15.1,0.16,1403472
2026-09-19T12:58:18Z,1,200,71960,15.1,0.12,1404548
2026-09-19T12:58:33Z,1,200,71960,15.1,0.10,1404188
2026-09-19T12:58:49Z,1,200,71960,15.0,0.07,1403736
2026-09-19T12:59:04Z,1,200,71960,15.0,0.14,1405624
2026-09-19T12:59:19Z,1,200,71960,15.0,0.25,1405920
2026-09-19T12:59:34Z,1,200,69836,15.0,0.27,1405608
2026-09-19T12:59:49Z,1,200,69844,14.9,0.21,1405008
2026-09-19T13:00:04Z,1,200,69856,14.9,0.16,1401260
2026-09-19T13:00:19Z,1,200,69852,14.9,0.13,1403160
2026-09-19T13:00:34Z,1,200,69836,14.8,0.10,1404444
2026-09-19T13:00:49Z,1,200,69904,14.8,0.08,1405412
2026-09-19T13:01:04Z,1,200,69872,14.8,0.21,1405240
2026-09-19T13:01:19Z,1,200,69872,14.8,0.31,1388444
2026-09-19T13:01:34Z,1,200,69872,14.7,0.24,1400760
2026-09-19T13:01:49Z,1,200,69872,14.7,0.18,1402288
2026-09-19T13:02:04Z,1,200,69944,14.7,0.29,1402432
